latency,watt_hour
0.009487360000610352,0.00046500509248839487
0.00522649621963501,0.0002654977142810822
0.0018903039693832398,0.0004110357364018758
0.011323391914367676,0.0001670515888267093
0.011339776039123535,0.00017043490608533224
0.011372544288635255,0.0001701928244696723
0.011101183891296386,0.00017224157452583314
0.010557439804077149,0.00017015973064634534
0.010721280097961425,0.00018408537573284573
0.010351615905761719,0.0001816437045733134
0.010156031608581542,0.0001691819190979004
0.01205247974395752,0.00017774710125393337
0.010198016166687012,0.00018006612658500668
0.0102041597366333,0.00017930009365081786
0.01113804817199707,0.00016588626040352716
0.009982975959777832,0.0001224555810292562
0.01146675205230713,0.00018042749365170798
0.01102847957611084,0.0001793272336324056
0.010489855766296387,0.0001657324896918403
0.010233856201171876,0.00016584576103422378
0.010368000030517579,0.0001803463300069173
0.009997311592102051,0.00016462084452311198
0.010394623756408691,0.0001777304702334934
0.010357760429382324,0.00018024979035059611
0.011111424446105958,0.00016979080306159125
0.011124735832214355,0.0001810071349143982
0.011144191741943359,0.0001662087361017863
0.011034624099731445,0.00016666526198387145
0.01116262435913086,0.00016992187500000002
0.010925056457519532,0.0001662751959429847
0.010703871726989746,0.0001672802421781752
0.010404864311218261,0.0001673741340637207
0.011462656021118164,0.00018125295639038086
0.01032806396484375,0.00018009227514266966
0.011827199935913087,0.00014503498607211642
0.010861568450927735,0.00015002709031105042
0.011097087860107421,0.0001496990700562795
0.011422719955444336,0.00014706787334548105
0.01143500804901123,0.00014711921215057372
0.012002304077148437,0.0001473254468705919
0.010631168365478515,0.00018356498479843138
0.010408960342407226,0.00012572017245822482
0.011509759902954102,0.00014876718521118166
0.010329088211059571,0.00016708493365181817
0.010380288124084473,0.00016844563881556192
0.010169343948364258,0.00018358486228519017
0.011960320472717285,0.00017956306205855474
0.010077183723449706,0.0001448301805390252
0.011317248344421387,0.00014609789848327637
0.010260479927062988,0.00014268509944279987
0.011086848258972168,0.00017502422332763674
0.011652095794677735,0.00017642426490783694
0.010674176216125488,0.00016601731379826864
0.010203136444091796,0.00016316127777099608
0.010468352317810058,0.00016149610943264433
0.011579392433166504,0.00015833494398328994
0.011974656105041503,0.00015933690071105958
0.010567680358886718,0.00016123481194178264
0.01121996784210205,0.00017344822883605957
0.010974207878112792,0.0001609228750069936
0.010880000114440918,0.0001718998240100013
0.011901951789855958,0.0001601230223973592
0.010568703651428223,0.00016259050369262694
0.010472448348999023,0.00015982334812482198
0.010203136444091796,0.0001625904858112335
0.010086400032043457,0.00017765380541483563
0.011025407791137695,0.0001626562515894572
0.011976703643798828,0.0001400626864698198
0.01136844825744629,0.000160590304268731
0.012223487854003906,0.00016194364428520202
0.010312704086303711,0.00016773281296094257
0.011230208396911622,0.00014043248163329232
0.010980352401733399,0.00016351964473724365
0.010561535835266114,0.00016463263829549155
0.01205452823638916,0.00016393812828593784
0.012138496398925782,0.0001651121179262797
0.010835968017578124,0.0001645411584112379
0.0118538236618042,0.00016354416211446126
0.010637311935424805,0.00012163579993777804
0.0101396484375,0.00016298342413372462
0.010390527725219726,0.00016390805244445803
0.01012224006652832,0.00016080647375848556
0.010277888298034669,0.00017452665964762373
0.010523648262023925,0.00017476659350925024
0.011817983627319336,0.00014255067706108092
0.011384832382202148,0.0001413143343395657
0.010518527984619141,0.0001414216094546848
0.010969087600708008,0.00014040391445159912
0.011148287773132324,0.00014026247395409477
0.011016192436218262,0.00014100626707077026
0.010546175956726075,0.00014213029543558753
0.011149312019348144,0.00014457479582892524
0.012033023834228516,0.00014497763514518738
0.010571776390075683,0.00016397231419881185
0.01062502384185791,0.0001654295206069946
0.012173312187194824,0.0001769717004564073
0.011042816162109375,0.0001785992721716563
0.011160575866699218,0.00014194680584801568
0.011545599937438965,0.00016406333446502685
0.011692031860351563,0.0001429864565531413
0.011662336349487304,0.00016315960884094238
0.011339776039123535,0.00014185655117034913
0.010398719787597656,0.0001415808359781901
0.011239423751831054,0.0001617521047592163
0.0111278076171875,0.0001595816731452942
0.011920384407043457,0.00015866107940673828
0.010589183807373047,0.00016119873656166925
0.011563008308410644,0.00017305297123061287
0.010981375694274903,0.0001221646289030711
0.010103808403015137,0.00014133866628011067
0.010322943687438964,0.00014068722724914552
0.010396672248840331,0.0001441946824391683
0.011689984321594238,0.0001430918084250556
0.011337727546691894,0.00014487355947494506
0.010496000289916992,0.00014432879090309144
0.010904576301574707,0.00014369951950179204
0.010301440238952637,0.00014174283345540366
0.009987071990966797,0.00014532637066311303
0.010362879753112793,0.00016341228948699106
0.01062707233428955,0.0001664070963859558
0.0107642879486084,0.0001766918957233429
0.011156479835510253,0.0001767304711871677
0.010512384414672851,0.00014136511484781904
0.01053286361694336,0.0001446876843770345
0.011942912101745605,0.00014297799468040466
0.011025407791137695,0.00014373562071058485
0.011608063697814941,0.00014450581868489585
0.011282431602478027,0.00014506919980049134
0.01101414394378662,0.00017665077580346
0.011534336090087891,0.00017602822184562683
0.011531264305114745,0.0001657341314686669
0.011339776039123535,0.00016655530929565428
0.010866687774658204,0.00017637925545374553
0.020926464080810548,0.00018099474575784471
0.01031065559387207,0.00014789566728803846
0.011974656105041503,0.00014504849116007488
0.012011520385742188,0.00014372851053873697
0.011090944290161133,0.0001482447306315104
0.01043558406829834,0.00014732873837153116
0.01045299243927002,0.00014557779298888311
0.011091967582702637,0.0001432614392704434
0.011570176124572755,0.00016597593824068706
0.01093222427368164,0.00014390233953793846
0.01104691219329834,0.00016376266545719572
0.0112609281539917,0.00016428049206733704
0.011933695793151856,0.00017572201093037922
0.010926079750061036,0.00016796789566675825
0.011693056106567384,0.00018683503071467082
0.011663359642028808,0.00018888731002807615
0.01092300796508789,0.00018433514369858633
0.010547200202941894,0.0001844239201810625
0.011012096405029297,0.00018848055799802144
0.01152511978149414,0.0001871167712741428
0.010579968452453613,0.00019167227811283535
0.011637760162353515,0.00018597896099090578
0.011258879661560058,0.00018671371936798095
0.011008000373840332,0.00018813786771562364
0.010079232215881348,0.0001891511797904968
0.011111424446105958,0.00018487675984700522
0.011233280181884766,0.0001891035172674391
0.011066368103027344,0.00019065584341684976
0.017754112243652344,0.00018297590480910407
0.011513855934143067,0.0001893412272135417
0.011160575866699218,0.00018864383300145468
0.012026880264282227,0.00018715621630350748
0.01094758415222168,0.000188846488793691
0.010038271903991699,0.00018848642706871034
0.010926079750061036,0.00018988489508628843
0.009963520050048828,0.00019185298946168685
0.011273216247558594,0.00017857507533497282
0.01107968044281006,0.00018130947748819985
0.011148287773132324,0.00018495072921117148
0.011917311668395996,0.00018870559268527562
0.010326016426086425,0.00018211516141891477
0.009988096237182617,0.00018263781203163996
0.01151692771911621,0.00018897036512692772
0.01387007999420166,0.0001883479211065504
0.011008000373840332,0.00018439783453941348
0.011445247650146484,0.00018167680104573566
0.011421695709228515,0.00018322782384024727
0.01107968044281006,0.0001832129173808628
0.01102233600616455,0.00018347948326004877
0.011167743682861327,0.000181910988357332
0.011463680267333985,0.0001851562711927626
0.011597824096679688,0.00018715371688206992
0.011579392433166504,0.0001838377833366394
0.009977855682373048,0.00018246923552619088
0.01051136016845703,0.00018160383436414932
0.011610112190246581,0.0001792853514353434
0.009999360084533691,0.00018501083585951064
0.01172480010986328,0.00019124638438224793
0.011981823921203612,0.00018774645394749114
0.011056127548217774,0.00018561366465356613
0.011998208045959472,0.00018401354021496243
0.010530816078186036,0.000180826207002004
0.010588159561157226,0.00018279757102330525
0.010030079841613769,0.00018574439154730906
0.010384384155273438,0.00018436084191004434
0.010339327812194824,0.00018154523372650145
0.010578944206237792,0.00018319572872585723
0.011842559814453125,0.00018292659322420758
0.01055027198791504,0.0001780704855918884
0.011711487770080567,0.00018810712893803914
0.01032806396484375,0.00018314804567231074
0.0116428804397583,0.00018229337334632874
0.009985024452209473,0.00018615492714775934
0.009964544296264649,0.00018352283106909859
0.011365376472473144,0.0001888604164123535
0.01002905559539795,0.00018763675689697265
0.010369024276733398,0.00018640246391296385
0.011002880096435547,0.00018554580211639404
0.010124287605285644,0.0001833947499593099
0.011032575607299805,0.0001790583074092865
0.011416576385498046,0.00018965151972240868
0.010552319526672363,0.0001883565584818522
0.011410431861877441,0.0001900838878419664
0.009984000205993653,0.0001810085482067532
0.01003929615020752,0.00018150138325161405
0.010562560081481934,0.000183714101711909
0.010278911590576171,0.0001915150635772281
0.010523648262023925,0.00018834888140360518
0.011006976127624512,0.00018658254345258076
0.0109486083984375,0.00018010178804397583
0.009953280448913575,0.0001902726603878869
0.011234304428100587,0.00018580696516566807
0.011915264129638671,0.00018654599785804748
0.011109375953674316,0.00018828336397806804
0.010324992179870606,0.00018436327377955116
0.011471872329711913,0.00018730093638102214
0.011939840316772461,0.00018243543836805556
0.010185728073120117,0.000184759083059099
0.011453439712524414,0.00018203396267361114
0.011051008224487305,0.00018650243679682414
0.010628095626831055,0.00019020151032341848
0.00992972755432129,0.00018734589219093322
0.01135308837890625,0.00018629893660545348
0.011025407791137695,0.0001892577330271403
0.010292223930358887,0.00018921340439054701
0.011021311759948731,0.00018352912531958686
0.0102041597366333,0.00019089990854263307
0.010659839630126953,0.00018927453491422868
0.011086848258972168,0.0001855957229932149
0.010307583808898926,0.00019093309375974865
0.011753472328186035,0.00018830350504981148
0.010172415733337402,0.0001860542813936869
0.012069888114929199,0.00018283883399433561
0.01155788803100586,0.00018262312147352433
0.009952256202697754,0.00017496251530117458
0.010574848175048827,0.0001825800359249115
0.010090496063232422,0.00019011573327912222
0.011053055763244628,0.0001894476294517517
0.011066368103027344,0.00019510986076460944
0.010380288124084473,0.00019409532149632772
0.011717632293701171,0.00018425931930541993
0.009986047744750976,0.00018135375446743437
0.011078656196594238,0.00018343998988469443
0.010585087776184082,0.00019100400076972116
0.01154867172241211,0.0001830666528807746
0.011077631950378418,0.00018587831656138103
0.011875328063964843,0.00018202287356058755
0.011043840408325196,0.00018695988655090332
0.010952704429626465,0.00019022468924522398
0.010995712280273438,0.0001852974600262112
0.010101759910583496,0.0001812434395154317
0.010044416427612305,0.00018640327586068046
0.010060799598693848,0.00019000058703952364
0.010886143684387208,0.00018830745352639095
0.01164902400970459,0.00018410199880599976
0.011437055587768554,0.0001870550990104675
0.01084620761871338,0.00018001184463500977
0.011470848083496094,0.00018576154112815858
0.010595328330993652,0.00018193545937538144
0.011554816246032714,0.00019005501468976339
0.010050559997558594,0.00019162182013193765
0.0110632963180542,0.00019149858421749541
0.010528767585754394,0.00018083275424109565
0.01126195240020752,0.0001781574461195204
0.010996735572814942,0.00018223157723744712
0.011617280006408692,0.00018237898084852433
0.010984448432922364,0.00018095498614841037
0.011587583541870117,0.00018527485926946003
0.011537407875061035,0.000185330417421129
0.011296768188476563,0.00019064521524641252
0.011911168098449706,0.0001900703509648641
0.009997311592102051,0.00019009437561035155
0.010300415992736817,0.00018709556261698409
0.011191295623779298,0.0001811598671807183
0.010976256370544434,0.00018516979217529298
0.01103769588470459,0.00018514862060546876
0.011094016075134277,0.00018217444949679906
0.011424768447875976,0.0001910574111673567
0.010996735572814942,0.0001823703342013889
0.011872256278991699,0.00018287590609656438
0.011164671897888183,0.00018753481573528712
0.011762687683105469,0.00018568209409713745
0.009995264053344726,0.0001886215011278788
0.010065919876098632,0.00019013102385732864
0.011009023666381837,0.0001851485576894548
0.011753472328186035,0.00018847056494818794
0.011565055847167969,0.00018908854722976683
0.009995264053344726,0.00018912425571017795
0.010989567756652833,0.00019433286190032959
0.01031065559387207,0.00019268043041229248
0.010557439804077149,0.0001896303262975481
0.011591679573059082,0.0001899120807647705
0.011002880096435547,0.00018806795279184977
0.009984000205993653,0.00018746262391408283
0.010996735572814942,0.00018973941538068985
0.010210304260253907,0.00018607599072986182
0.01001369571685791,0.00018664926290512085
0.01163468837738037,0.00014209749897321067
0.010564607620239258,0.00014391263988282945
0.010935296058654785,0.00016314274337556625
0.010090496063232422,0.00016340672373771668
0.011098112106323242,0.00016210772593816118
0.011386879920959473,0.00017473161220550538
0.010593279838562012,0.00017485246194733515
0.009936896324157715,0.00014073653750949435
0.011929599761962891,0.00017483918468157451
0.010537983894348145,0.00014156782097286648
0.011042816162109375,0.00014205292132165697
0.01103052806854248,0.00014270271195305717
0.010960895538330078,0.00016240825586848792
0.011078656196594238,0.00016302083333333335
0.01094758415222168,0.00016575436525874667
0.010102784156799317,0.0001883605586157905
0.010915840148925781,0.00016338599655363293
0.011564031600952148,0.00016400827566782634
0.01193881607055664,0.00016497395833333332
0.009954303741455077,0.00014350297053654989
0.011620351791381836,0.00014271113210254246
0.01102233600616455,0.00014338217112753126
0.010992639541625977,0.00016425359845161438
0.010952704429626465,0.00014289529191123112
0.010514431953430176,0.00016478820178243852
0.010982399940490722,0.00014303434954749213
0.011461631774902344,0.00016354166666666665
0.01123840045928955,0.00016133169134457907
0.011144191741943359,0.00015950439704789056
0.012089344024658203,0.0001584354877471924
0.010567680358886718,0.00017502633995480007
0.010880000114440918,0.00017480743991004095
0.010363903999328614,0.00014358146985371908
0.01121177577972412,0.0001638703227043152
0.011013119697570802,0.0001436742491192288
0.010959872245788574,0.00014468905925750733
0.010371071815490723,0.00014551793204413519
0.011051008224487305,0.0001661713202794393
0.011931648254394531,0.00014535621802012124
0.011713536262512207,0.00016390050649642943
0.011871232032775878,0.00014477833045853508
0.010683391571044922,0.00016315104166666664
0.01055027198791504,0.0001643237524562412
0.010446847915649414,0.00016101373698976305
0.01036083221435547,0.00016497395833333332
0.010357760429382324,0.0001601755638917287
0.010059776306152344,0.00016394018597073025
0.010036224365234376,0.00017468649612532722
0.01115443229675293,0.0001755099601215786
0.010486783981323243,0.00017505453162723118
0.010362879753112793,0.00017553219199180602
0.01145241641998291,0.0001767071068286896
0.011027456283569336,0.0001644265227847629
0.011496447563171386,0.0001657155838277605
0.011489279747009277,0.0001600264635350969
0.010468352317810058,0.0001755963431464301
0.011085824012756347,0.00016367104252179465
0.011077631950378418,0.0001618481351269616
0.011042816162109375,0.00016432124508751762
0.011482111930847168,0.00016288102070490519
0.011677696228027343,0.00016180011961195205
0.01112985610961914,0.0001700543032752143
0.012013567924499511,0.0001403537260161506
0.010498047828674317,0.00014199759430355498
0.010605567932128907,0.0001416577100753784
0.010928128242492676,0.00014321368601587085
0.01002188777923584,0.0001621999740600586
0.010042367935180664,0.00015829152531094022
0.011052032470703126,0.00017332056959470113
0.01145139217376709,0.00017665207386016846
0.010365951538085937,0.0001757409864001804
0.01002393627166748,0.00014230680465698243
0.0119552001953125,0.0001430748442808787
0.011135999679565429,0.00014185058673222862
0.010997759819030761,0.00014484061002731323
0.010075136184692383,0.00014463043212890626
0.010238975524902343,0.00014484008815553455
0.01102233600616455,0.000169140625
0.011561984062194825,0.00016647784842385184
0.010042367935180664,0.00016380125019285413
0.012042240142822265,0.00016224040852652656
0.011248640060424805,0.0001442252000172933
0.011175935745239257,0.00017767038345336913
0.011522047996520996,0.00017567766772376165
0.011023360252380371,0.00017794859608014424
0.011095040321350098,0.00017495702041520013
0.010982399940490722,0.00017888282537460324
0.01053593635559082,0.00017732946475346886
0.01023078441619873,0.0001753302812576294
0.01050111961364746,0.00017763198547893102
0.01107968044281006,0.00016432291666666668
0.011250687599182128,0.00016237334741486445
0.011186176300048829,0.00016306030750274657
0.011034624099731445,0.00016400227944056192
0.010390527725219726,0.00013935617407162984
0.01052774429321289,0.0001730538884798686
0.010283007621765136,0.00014173481199476453
0.011035648345947266,0.00014271104335784914
0.011058176040649414,0.00014337550004323325
0.011515904426574707,0.00014405985474586486
0.011569151878356934,0.000144678090678321
0.010095616340637208,0.00017461092736985946
0.011182080268859864,0.00015745283365249636
0.010990592002868652,0.00016115291913350424
0.010082304000854492,0.00016341062717967563
0.011132927894592285,0.00016365291674931846
0.011023360252380371,0.00016235506203439502
0.01107148838043213,0.0001632440037197537
0.010051584243774414,0.00014416821267869737
0.01101414394378662,0.00014479690790176393
0.011051008224487305,0.00014316995408799913
0.010995712280273438,0.0001632373227013482
0.011420672416687011,0.0001396095699734158
0.01113702392578125,0.00014092716839578416
0.010946559906005859,0.00014173496696684098
0.011696127891540528,0.00016328041950861613
0.010147839546203614,0.00017468107342720032
0.010353664398193359,0.00017291571696599324
0.010583040237426757,0.00014026359915733338
0.010080256462097169,0.0001459472285376655
0.010540032386779785,0.00014404973718855113
0.011899904251098633,0.000166015625
0.010007552146911621,0.00014701041910383436
0.010060799598693848,0.00014372463491227892
0.011966464042663574,0.00014297716087765164
0.01193062400817871,0.00014208438992500307
0.011096063613891602,0.0001745493412017822
0.011258879661560058,0.00016325151986545984
0.011026432037353515,0.00016258967651261224
0.01163468837738037,0.0001726674278577169
0.011076607704162598,0.00017767291069030762
0.010189824104309082,0.00014288772344589235
0.011644927978515626,0.00014445045060581632
0.011487232208251954,0.00014324724674224853
0.010100735664367675,0.00014515187872780693
0.010504192352294921,0.00014490629567040337
0.011304960250854493,0.00016661392317877876
0.0112424955368042,0.00016599432031313578
0.011526144027709961,0.0001654922664165497
0.01122713565826416,0.00016477555566363864
0.01104793643951416,0.00016362232632107204
0.011035648345947266,0.00016480422019958494
0.011202560424804688,0.0001639275994565752
0.011898880004882812,0.00016406166553497312
0.01145958423614502,0.00016184731192058987
0.01126195240020752,0.00014153454038831923
0.010061823844909668,0.00015973583857218423
0.010999808311462403,0.00014040965835253398
0.01023795223236084,0.0001726489186286926
0.011305983543395997,0.0001595158894856771
0.011216896057128906,0.0001410380734337701
0.010491904258728027,0.00015717645618650649
0.011957247734069825,0.000156770035955641
0.010984448432922364,0.0001722585380077362
0.010609663963317872,0.0001728141837649875
0.010975232124328613,0.00013747442563374839
0.010598400115966796,0.00013928953806559245
0.01135308837890625,0.00014028896821869746
0.011624447822570801,0.0001578156590461731
0.011116543769836425,0.0001577535695499844
0.011003904342651367,0.0001617179274559021
0.011449343681335449,0.00016172039508819582
0.011232255935668945,0.00016439266999562581
0.01061068820953369,0.0001627589914533827
0.011774975776672364,0.00016197999053531222
0.010476544380187988,0.00016315270132488674
0.01156608009338379,0.00017828586432668895
0.01024512004852295,0.00014068683650758531
0.011202560424804688,0.0001613297661145528
0.010296319961547852,0.0001727920518981086
0.011243519783020019,0.0001624991734822591
0.011293696403503419,0.00015842969020207724
0.010072064399719239,0.00015858245690663654
0.010115072250366211,0.00017204854885737101
0.010907648086547851,0.00015742027362187705
0.011010047912597656,0.00016106606986787583
0.011923456192016601,0.00016000760396321615
0.011520000457763671,0.00016063884496688843
0.011061247825622558,0.00014043942822350395
0.010338303565979003,0.0001639331254694197
0.011596799850463867,0.00014272444248199462
0.011534336090087891,0.00016471437944306269
0.011233280181884766,0.00015769030253092448
0.011232255935668945,0.00016131206618414987
0.011713536262512207,0.0001387464377615187
0.01002393627166748,0.00016921815276145936
0.01063424015045166,0.00013828490177790324
0.010902527809143067,0.0001602644920349121
0.011032575607299805,0.00016321644451883105
0.011048959732055665,0.00016423678994178771
0.010994688034057617,0.00016380208333333335
0.01102233600616455,0.00014071673154830933
0.011217920303344727,0.00017590355873107908
0.010591232299804687,0.0001438068866729736
0.011683839797973633,0.00014318268696467083
0.011006976127624512,0.00014293450911839802
0.011661312103271485,0.00014080804189046226
0.011414527893066406,0.0001382889019118415
0.011271167755126953,0.0001415014664332072
0.011817983627319336,0.00014274695714314777
0.01107148838043213,0.00016315021183755662
0.011150336265563965,0.0001618481351269616
0.011157504081726074,0.00016328208049138385
0.011379712104797364,0.00012177163693639968
0.010316800117492676,0.00014228206475575767
0.010547200202941894,0.00013975385824839274
0.011364352226257325,0.00014137416349516976
0.010387455940246582,0.00014051191806793213
0.011247615814208984,0.0001383694330851237
0.011070464134216309,0.00014053943819469875
0.010266624450683593,0.00014448289738761051
0.010377216339111327,0.00015937907497088117
0.011412480354309081,0.00014221749703089394
0.011032575607299805,0.00018704571591483224
0.011756544113159179,0.00016024651063813105
0.012496895790100097,0.0001749527090125614
0.011091967582702637,0.0001625008265177409
0.010667008399963379,0.0001421045634481642
0.011681792259216308,0.00014097545941670734
0.011668479919433594,0.00013922651873694527
0.011234304428100587,0.00014441212018330893
0.01154047966003418,0.00014100017547607422
0.010557439804077149,0.00016041503482394748
0.010553343772888184,0.00014013887643814089
0.011146240234375,0.00013870277404785157
0.011411456108093262,0.00014127819803025986
0.01103872013092041,0.00015742267568906148
0.01051136016845703,0.00015962005257606505
0.010629119873046875,0.00017557289865281848
0.011447296142578126,0.00016922559274567498
0.01103052806854248,0.00013694722652435302
0.011132927894592285,0.000140609081586202
0.011719679832458496,0.00014169309801525542
0.011399168014526367,0.00014296126696798536
0.011599871635437011,0.0001733223795890808
0.009979904174804688,0.0001602730751037598
0.011436032295227052,0.00015620861583285863
0.011006976127624512,0.00013564273648791842
0.01145958423614502,0.00013679373264312744
0.010985471725463868,0.00015916063520643445
0.010541055679321289,0.00015806738138198853
0.010647551536560058,0.0001687817335128784
0.010490880012512208,0.00015546875
0.011591679573059082,0.00013773981995052762
0.010170368194580079,0.0001571441902054681
0.010034175872802734,0.00015846304893493652
0.009955327987670898,0.00016760199069976807
0.011726847648620605,0.00013953961928685508
0.011054080009460449,0.0001391038133038415
0.011090944290161133,0.00013827107747395835
0.010665984153747558,0.000136800045437283
0.011653120040893555,0.00013927161693573
0.010390527725219726,0.0001604158507453071
0.010552319526672363,0.00015554002788331772
0.01183232021331787,0.00016693946785397
0.011296768188476563,0.00017158972289827134
0.01092915153503418,0.00013531206250190736
0.010109951972961426,0.00017148140403959485
0.011600895881652832,0.00013884254296620688
0.009953280448913575,0.00015872476564513313
0.01145139217376709,0.00013970737059911092
0.010651647567749023,0.00014088071452246772
0.010987520217895508,0.00013720540205637615
0.010364928245544434,0.00016850221157073975
0.011412480354309081,0.00013141147825453017
0.011039744377136231,0.00015775686502456668
0.011340800285339356,0.00015937418937683105
0.011257856369018555,0.0001736257486873203
0.010036224365234376,0.00016001415252685545
0.011214847564697266,0.00013352804051505195
0.012002304077148437,0.00013725899590386284
0.012058624267578125,0.00016908822192086115
0.011960320472717285,0.00013534878094991049
0.011358207702636718,0.00013924560546875
0.011866111755371094,0.00013774725132518345
0.011436032295227052,0.000138507342338562
0.011408384323120118,0.00013649549815389846
0.009996288299560547,0.00015742107431093852
0.010209280014038086,0.00015759533643722534
0.010239999771118164,0.00017346851627031963
0.011761664390563965,0.00017313926882214016
0.010103808403015137,0.00013824493553903368
0.010248191833496094,0.00014070699016253155
0.010492927551269531,0.0001389778428607517
0.010999808311462403,0.00013755947219000922
0.01042124843597412,0.00015803512864642674
0.011316224098205567,0.00013638958930969238
0.011027456283569336,0.0001557323694229126
0.010994688034057617,0.00015703125
0.01123532772064209,0.00015933749675750734
0.010576895713806152,0.00015937581062316894
0.010597375869750977,0.00015677083333333333
0.011076607704162598,0.0001694240093231201
0.010987520217895508,0.0001702425612343682
0.010001407623291016,0.0001371250417497423
0.011751423835754395,0.00011302859385808309
0.011003904342651367,0.00015470069977972244
0.011615232467651367,0.0001387937863667806
0.011835391998291016,0.00014304153786765203
0.010384384155273438,0.0001408141381210751
0.011576319694519043,0.00013776372207535638
0.012147711753845216,0.00014082179798020254
0.011439104080200196,0.00017291667593850033
0.01034444808959961,0.00016121386819415625
0.011366399765014648,0.0001760433336098989
0.009960448265075684,0.00011811735232671103
0.010496000289916992,0.00017358938852945964
0.011593728065490723,0.00016093586285909016
0.01165004825592041,0.00015768068763944836
0.011752448081970214,0.00015807211266623603
0.010621952056884766,0.00015820232033729556
0.012091391563415528,0.00017071480751037598
0.011002880096435547,0.00016957325405544705
0.010153984069824219,0.00015790414810180667
0.010982399940490722,0.0001585953632990519
0.0110448637008667,0.00015764379501342774
0.010381312370300292,0.0001572464042239719
0.011750399589538574,0.00015785163243611653
0.011395071983337402,0.00015902036097314624
0.01095680046081543,0.000158203125
0.010286080360412597,0.0001704991983042823
0.010974207878112792,0.00013883126841651068
0.010109951972961426,0.00013963431517283122
0.011060223579406739,0.00013774508635203044
0.011379712104797364,0.00013786865605248345
0.011179007530212403,0.00013651715252134536
0.011010047912597656,0.00013761603037516277
0.011041791915893554,0.0001385025567478604
0.011015168190002441,0.00015989583333333331
0.01153536033630371,0.00015729166666666666
0.01031372833251953,0.00017068024608823989
0.010060799598693848,0.00017272568146387736
0.011025407791137695,0.00013817272583643595
0.010510335922241211,0.00015873526069853038
0.010374143600463867,0.00013960194587707517
0.011568127632141113,0.00013844096859296162
0.011727871894836426,0.00013692526817321777
0.010651647567749023,0.0001413535435994466
0.011144191741943359,0.00015974542299906414
0.010962944030761718,0.00016053406728638544
0.010960895538330078,0.00014092561072773406
0.011456512451171874,0.00016068645715713498
0.010293248176574708,0.00016032458345095315
0.010874879837036134,0.00017317842576238844
0.010707967758178711,0.00017253777318530612
0.010751999855041505,0.0001570679161283705
0.010376192092895508,0.00017564874755011665
0.011691007614135742,0.00014286188681920367
0.01122815990447998,0.00014310491085052488
0.010008576393127442,0.00013898677428563435
0.011503616333007812,0.00013950795001453826
0.011372544288635255,0.00016086185971895853
0.01023078441619873,0.00017423459159003366
0.009968640327453614,0.00017685878607961867
0.01030348777770996,0.0001633966863155365
0.010584063529968261,0.00016174630986319648
0.010941439628601075,0.00017542329099443224
0.010439680099487305,0.00017400279177559748
0.010981375694274903,0.00014075875414742365
0.011065343856811523,0.0001714668009016249
0.011575296401977539,0.0001610685275660621
0.011522047996520996,0.00016223875814014012
0.011606016159057618,0.00014079185591803656
0.010954751968383789,0.00013920478224754333
0.009948160171508789,0.00013859785927666557
0.009977855682373048,0.00013894723521338568
0.010225664138793946,0.000139422517352634
0.011149312019348144,0.00015690387090047198
0.01054207992553711,0.00015768148965305753
0.01082367992401123,0.00017064496874809266
0.011266048431396485,0.0001592113176981608
0.010090496063232422,0.0001368943691253662
0.010293248176574708,0.0001389058596558041
0.011182080268859864,0.00013975998560587566
0.010012672424316407,0.00014385568830702037
0.011160575866699218,0.00013884014553493924
0.011427840232849122,0.00016080565585030451
0.010630144119262695,0.00013882408142089844
0.011835391998291016,0.00013525795274310642
0.011256832122802735,0.00013664677143096924
0.010911744117736816,0.00015592264466815525
0.011249664306640626,0.0001592406431833903
0.010369024276733398,0.00011905899312761094
0.011920384407043457,0.00016801842716005115
0.010387455940246582,0.00017024336920844183
0.011241472244262696,0.0001401202532980177
0.01042124843597412,0.0001375565621587965
0.010058752059936523,0.0001562996334499783
0.009970687866210937,0.00015646964708964032
0.011234304428100587,0.0001353323459625244
0.01021235179901123,0.0001553369614813063
0.011383808135986329,0.0001562868595123291
0.010858495712280274,0.00013930378357569377
0.01103769588470459,0.00018462510903676353
0.010363903999328614,0.00015762173732121785
0.009989119529724122,0.00015927472180790372
0.011485183715820312,0.00016930264234542847
0.010587136268615722,0.0001406353155771891
0.010918911933898925,0.00013947420120239258
0.01103052806854248,0.0001415692170461019
0.01115340805053711,0.0001416230797767639
0.01070899200439453,0.00013882959882418315
0.0110632963180542,0.00015988469123840332
0.011119615554809571,0.00013837108545833163
0.01103872013092041,0.00013985411988364326
0.010888192176818847,0.0001393017570177714
0.011058176040649414,0.0001734062565697564
0.011266048431396485,0.0001578304635153876
0.009982975959777832,0.00015837955474853516
0.01206067180633545,0.00015639163653055827
0.010557439804077149,0.0001609375
0.010290176391601562,0.00015500496890809802
0.01004748821258545,0.00013702111840248107
0.009989119529724122,0.00015650802850723268
0.010093567848205566,0.00013884509404500325
0.011925503730773926,0.0001396995352374183
0.010019840240478516,0.00013879165914323596
0.01013759994506836,0.00016933455069859823
0.010941439628601075,0.0001367877801259359
0.01052569580078125,0.00015560848845375908
0.011194368362426758,0.00015950439704789056
0.010374143600463867,0.00017399729755189684
0.01184870433807373,0.00017105567852656044
0.010050559997558594,0.0001592456016275618
0.010158080101013184,0.0001610283851623535
0.009992192268371582,0.00015810436672634547
0.01102233600616455,0.00015464965105056763
0.011083776473999024,0.0001581708868344625
0.01033523178100586,0.0001575878580411275
0.010369024276733398,0.00016081230640411378
0.010500096321105956,0.00015963622861438326
0.010908672332763672,0.00016080810957484775
0.011198464393615723,0.00015855583747227987
0.010981375694274903,0.00015924634536107382
0.012123135566711426,0.000156250794728597
0.012014592170715332,0.0001563420295715332
0.009952256202697754,0.00015598808394538032
0.010075136184692383,0.00017181911336051095
0.011456512451171874,0.00016054605841636657
0.011505663871765137,0.00015898356636365256
0.010970111846923827,0.00015890201462639704
0.011155455589294434,0.00015819990634918213
0.010964991569519043,0.00015393025941318937
0.011072511672973634,0.00016691574454307556
0.010411007881164551,0.00015561883714463974
0.011498496055603028,0.00015440312690205042
0.0110448637008667,0.00015638203620910645
0.011187199592590333,0.00015769030253092448
0.01174732780456543,0.00013722779485914443
0.011024383544921875,0.00013966203530629476
0.014722047805786133,0.0001686220169067383
0.01174118423461914,0.00013912625312805177
0.011032575607299805,0.0001390905347135332
0.010430463790893555,0.0001380422446462843
0.011175935745239257,0.0001377338515387641
0.011234304428100587,0.00013763293756379022
0.010469375610351562,0.00017053412265247768
0.01172275161743164,0.00015618543426195778
0.010347519874572754,0.0001589386118782891
0.01174937629699707,0.00016206897298494974
0.010686464309692383,0.0001736107567946116
0.011309056282043458,0.00017053581476211547
0.010584063529968261,0.00014100374182065328
0.010980352401733399,0.00017098776896794636
0.011220992088317871,0.00014357222980923123
0.010788864135742187,0.00014093054201867847
0.01062399959564209,0.00017073426246643066
0.010073087692260741,0.00013780759241845873
0.011460607528686523,0.00013870746427112156
0.011199487686157226,0.00015693050225575766
0.011019264221191406,0.00015989583333333331
0.010598400115966796,0.00017144429948594834
0.011779071807861329,0.0001615877197848426
0.010391551971435547,0.00015900699562496607
0.01140940761566162,0.0001390833960639106
0.011101183891296386,0.00013813711802164712
0.010388480186462403,0.00014323047796885172
0.011013119697570802,0.0001384466720951928
0.011374591827392578,0.00014166916741265194
0.010490880012512208,0.00013899229632483587
0.010646528244018554,0.00014049663742383322
0.011099136352539063,0.00015924398170577154
0.010277888298034669,0.00015929885440402563
0.010454015731811523,0.00017453629440731475
0.011282431602478027,0.00017207184367709692
0.01104691219329834,0.00015820473432540894
0.010971136093139648,0.00016145751211378312
0.01102847957611084,0.00016019190549850467
0.010439680099487305,0.00015984947681427
0.011672575950622559,0.00013909892241160073
0.011473919868469238,0.0001414746105670929
0.010557439804077149,0.00013926780223846435
0.009945088386535645,0.00013618081145816378
0.010903552055358886,0.0001613445281982422
0.011040767669677735,0.0001755845348040263
0.01100595188140869,0.00015875214073393082
0.011518976211547852,0.00016028564307424755
0.011502592086791993,0.0001745464589860704
0.010046463966369629,0.00017557372980647618
0.010496000289916992,0.0001395610835817125
0.011341823577880859,0.00014057423538631862
0.010235903739929199,0.00015961596965789794
0.01156608009338379,0.00013793182240592108
0.011062272071838379,0.00013985529210832384
0.011502592086791993,0.00013773132960001627
0.011612159729003906,0.0001614655521180895
0.010247167587280273,0.00015811590883466935
0.010010623931884765,0.0001304511547088623
0.01133465576171875,0.00016145915455288357
0.010602496147155761,0.00016193462477789985
0.010333184242248536,0.00017414315541585288
0.011655167579650879,0.00016015625000000003
0.010490880012512208,0.0001423819343249003
0.010497023582458496,0.0001759605513678657
0.011186176300048829,0.00013913942045635646
0.010462207794189453,0.00017232888142267863
0.010494976043701172,0.0001720152139663696
0.011773951530456543,0.0001726194977760315
0.010441727638244629,0.00014178377191225689
0.010982399940490722,0.00016005185974968803
0.011614208221435546,0.0001604158507453071
0.011051008224487305,0.00016001497109731036
0.011794431686401367,0.00017356687916649714
0.011088895797729491,0.0001735499699910482
0.010312704086303711,0.00014128990173339844
0.010239999771118164,0.00014278333187103272
0.009991168022155762,0.00014118801752726235
0.010174464225769043,0.00016212869220309786
0.011513855934143067,0.00016415262222290038
0.011067392349243164,0.00016383175452550254
0.011179007530212403,0.0001613029890590244
0.01164799976348877,0.00016153958638509116
0.011776000022888184,0.0001625016530354818
0.010547200202941894,0.00016315104166666664
0.010520575523376464,0.00016467223167419433
0.011345919609069824,0.00017420867284138997
0.010563584327697753,0.00013998580310079788
0.010695679664611817,0.00016302000416649714
0.011523072242736816,0.00016197916666666666
0.011161600112915039,0.00014479998747507733
0.010909695625305176,0.000143754913409551
0.011498496055603028,0.0001463017231888241
0.011508735656738281,0.00014286355707380507
0.01152511978149414,0.00014320092731051975
0.010100735664367675,0.00014136885735723708
0.010424320220947265,0.00013450309766663445
0.0103372802734375,0.00016354083485073514
0.010469375610351562,0.0001610685275660621
0.010576895713806152,0.00017115497589111328
0.011700223922729493,0.00013987995982170105
0.011134976387023926,0.00014221751027637057
0.011015168190002441,0.0001405574745602078
0.011555839538574218,0.0001400677760442098
0.011689984321594238,0.0001382541020711263
0.011752448081970214,0.00014030781189600626
0.011580415725708008,0.00013870873053868613
0.011069439888000488,0.00014156473080317178
0.010037247657775878,0.00014231345388624405
0.011017215728759766,0.00014340099758572048
0.011185152053833008,0.00016011714935302735
0.01136025619506836,0.00017132439613342287
0.010088447570800782,0.0001717177391052246
0.011389951705932617,0.00013931995630264284
0.010888192176818847,0.0001375978257921007
0.011496447563171386,0.00013672966758410135
0.01061068820953369,0.0001380914078818427
0.01055027198791504,0.00014027497503492568
0.010041343688964843,0.0001438975003030565
0.011872256278991699,0.00014089917937914532
0.011463680267333985,0.00014126797517140707
0.01153536033630371,0.00014231345388624405
0.011024383544921875,0.00016249834696451822
0.010051584243774414,0.000164972280131446
0.009956352233886719,0.00016304612159729004
0.011554816246032714,0.00012162995338439942
0.010363903999328614,0.0001455892523129781
0.010571776390075683,0.00014289608796437582
0.010267647743225097,0.00014576047791375055
0.011598848342895507,0.00014090741144286262
0.011563008308410644,0.0001344559762212965
0.011885567665100098,0.0001439879139264425
0.010967040061950683,0.00014260865582360163
0.010196991920471191,0.00014100208017561172
0.010455039978027344,0.00014061904880735608
0.01040998363494873,0.0001438982599311405
0.011066368103027344,0.00016419270833333333
0.010071040153503418,0.00016484291156133017
0.011258879661560058,0.00017553353442086115
0.010016768455505372,0.00016305947303771974
0.012377087593078612,0.00016413743628395928
0.009974783897399902,0.00016360307269626195
0.011066368103027344,0.0001420184294382731
0.01112166404724121,0.00014277586870723298
0.010985471725463868,0.00014275221824645997
0.0101212158203125,0.00014252219398816428
0.011480064392089843,0.00014265343281957837
0.010583040237426757,0.00016011657913525898
0.010604543685913086,0.0001643237524562412
0.011929599761962891,0.00016118507583936056
0.011898880004882812,0.00016380208333333335
0.01105510425567627,0.00017646335562070212
0.01163263988494873,0.00017663845088746813
0.011859968185424804,0.00014299228390057882
0.011278335571289062,0.0001409378945827484
0.01044480037689209,0.0001414661698871189
0.01022054386138916,0.00014149818420410156
0.010157055854797363,0.00014164771238962812
0.010102784156799317,0.00014374805688858032
0.010377216339111327,0.00017525776624679562
0.010371071815490723,0.00016028437614440917
0.01042124843597412,0.00016210937499999998
0.010667008399963379,0.00017296631468666923
0.010998784065246582,0.00016311286952760485
0.010369024276733398,0.00014011944135030108
0.01044275188446045,0.0001388280153274536
0.011200511932373047,0.00013816423416137695
0.011020288467407227,0.0001738202777173784
0.011396096229553223,0.00014072002172470094
0.010552319526672363,0.00014059170484542847
0.011048959732055665,0.00015899812181790668
0.011798527717590332,0.00014306188424428304
0.010680319786071778,0.0001636164665222168
0.011023360252380371,0.00016380120317141216
0.011164671897888183,0.00017714485857221813
0.011124735832214355,0.0001763855669233534
0.010576895713806152,0.00014205222924550373
0.011193344116210938,0.0001439906034204695
0.010075136184692383,0.0001410349229971568
0.011925503730773926,0.00014147895177205405
0.011593728065490723,0.0001415146721733941
0.009943039894104003,0.00011881505250930786
0.011341823577880859,0.00017532490491867065
0.011188223838806152,0.000173957884311676
0.011048959732055665,0.00018494723041852316
0.010299391746520996,0.00016080183982849122
0.010420224189758302,0.00017250829339027403
0.011440128326416015,0.0001761425832907359
0.01052467155456543,0.00013890667094124687
0.011058176040649414,0.00016128873825073243
0.011717632293701171,0.00015935380193922256
0.011048959732055665,0.00015611274242401124
0.011313152313232423,0.00015870330068800184
0.011529215812683105,0.00013971023559570313
0.011115519523620606,0.00013930193450715809
0.011147263526916504,0.00016276290019353232
0.011010047912597656,0.0001617414891719818
0.011942912101745605,0.00016053117646111384
0.011816960334777832,0.000158203125
0.010265600204467774,0.00017226843105422126
0.011251711845397949,0.0001705648051367866
0.010109951972961426,0.00013565352625317045
0.01045094394683838,0.000138197222020891
0.010900480270385742,0.0001379763185977936
0.010998784065246582,0.00016956737637519837
0.010198016166687012,0.00013549198971854316
0.01107148838043213,0.00013729815681775412
0.009961471557617188,0.00013933338390456306
0.010089471817016601,0.00013732036617067125
0.01063321590423584,0.00015872395833333334
0.010331135749816894,0.00015794351167149013
0.01032703971862793,0.00016765675279829237
0.011366399765014648,0.0001694890876611074
0.010546175956726075,0.00013642134666442873
0.011731967926025391,0.00013802315129174126
0.01107148838043213,0.00013904501994450888
0.010368000030517579,0.0001401985738012526
0.010448896408081054,0.0001393765025668674
0.011792384147644042,0.0001441469689210256
0.010372096061706543,0.00017378651168611315
0.011017215728759766,0.0001366026024023692
0.010393600463867187,0.0001365637911690606
0.011456512451171874,0.00015459022124608357
0.009960448265075684,0.00015720051527023316
0.01064857578277588,0.00016774307092030843
0.01112063980102539,0.00013651868038707307
0.011500543594360351,0.00013744459946950276
0.011601920127868653,0.00013566040992736816
0.011521023750305176,0.00013609647750854493
0.009984000205993653,0.00013392586178249784
0.011268095970153809,0.0001361307117674086
0.010295295715332031,0.00016512726677788626
0.010332159996032715,0.00016805759602122838
0.010353664398193359,0.0001726620528433058
0.011508735656738281,0.00015794761975606282
0.011359231948852539,0.00015520043902926976
0.011378687858581543,0.00016951166921191745
0.009995264053344726,0.000166109875175688
0.011588607788085938,0.00016739875806702506
0.011075584411621094,0.0001573105706108941
0.010992639541625977,0.00017058429718017578
